0,what mollit adipiscing incididunt?,fugiat,ad,quis,nulla,ad
1,what qui occaecat officia?,in,minim,velit,magna,velit
2,what velit consectetur enim culpa irure id minim ut do?,dolor,cillum,voluptate,nulla,nulla
3,what irure nisi ea ut nisi?,irure,in,nulla,reprehenderit,nulla
4,what tempor ea mollit occaecat aute commodo in ex Excepteur Lorem culpa?,culpa,adipiscing,eu,ullamco,culpa
5,what labore mollit ut cillum anim dolor in aliquip?,qui,Duis,ullamco,sed,sed
6,what ipsum Excepteur occaecat Lorem Excepteur mollit?,nisi,exercitation,enim,do,nisi
7,what sit nostrud tempor incididunt adipiscing quis ut Ut fugiat?,non,ullamco,occaecat,culpa,non
8,what amet commodo in fugiat Lorem anim Excepteur deserunt?,in,cupidatat,Excepteur,dolor,Excepteur
9,what exercitation amet esse consectetur laboris quis commodo dolor in?,amet,sed,consectetur,eiusmod,amet
10,what cillum in sit dolor sit officia in deserunt culpa?,in,anim,enim,velit,anim
11,what in occaecat ipsum laboris consectetur irure sunt voluptate?,fugiat,sunt,deserunt,qui,qui
