0,what sunt non deserunt sit in ex ut sint?,ipsum,eiusmod,velit,est
1,what cillum do velit aliquip voluptate do dolor minim occaecat?,reprehenderit,consectetur,irure,nisi
2,what cupidatat tempor non anim magna laboris amet adipiscing?,sed,voluptate,Lorem,tempor
3,what nisi est amet anim Lorem et Ut Excepteur Lorem?,nisi,quis,incididunt,mollit
4,what in dolore sint nostrud sit est anim cupidatat consectetur dolore dolore?,nulla,in,dolor,ut
5,what nulla ullamco Duis?,in,sint,ut,Lorem
6,what in consectetur nisi eiusmod Ut in officia?,quis,eiusmod,Ut,tempor
7,what elit cillum esse culpa minim ad consectetur ex in incididunt voluptate?,esse,commodo,ipsum,nisi
8,what eu non ex aute reprehenderit minim?,nulla,elit,sint,ex
9,what ullamco ad laboris dolore?,ex,enim,ullamco,reprehenderit
10,what Excepteur minim sed exercitation tempor est et ut nulla aute elit labore?,ullamco,voluptate,eu,irure
11,what id dolore sunt exercitation?,dolor,nulla,consectetur,qui
